DELETE,/customers63bec384ee11cb0001e2559a,HTTPError('404 Client Error: Not Found for url: http://host.docker.internal/customers63bec384ee11cb0001e2559a'),1
DELETE,/customers63bec385ee11cb0001e255f0,HTTPError('404 Client Error: Not Found for url: http://host.docker.internal/customers63bec385ee11cb0001e255f0'),1
DELETE,/customers63bec388ee11cb0001e257c8,HTTPError('404 Client Error: Not Found for url: http://host.docker.internal/customers63bec388ee11cb0001e257c8'),1
DELETE,/customers63bec388ee11cb0001e25840,HTTPError('404 Client Error: Not Found for url: http://host.docker.internal/customers63bec388ee11cb0001e25840'),1
DELETE,/customers63bec389ee11cb0001e258a2,HTTPError('404 Client Error: Not Found for url: http://host.docker.internal/customers63bec389ee11cb0001e258a2'),1
DELETE,/customers63bec386ee11cb0001e2565c,HTTPError('404 Client Error: Not Found for url: http://host.docker.internal/customers63bec386ee11cb0001e2565c'),1
DELETE,/customers63bec386ee11cb0001e2566c,HTTPError('404 Client Error: Not Found for url: http://host.docker.internal/customers63bec386ee11cb0001e2566c'),1
DELETE,/customers63bec386ee11cb0001e256b2,HTTPError('404 Client Error: Not Found for url: http://host.docker.internal/customers63bec386ee11cb0001e256b2'),1
DELETE,/customers63bec387ee11cb0001e2571c,HTTPError('404 Client Error: Not Found for url: http://host.docker.internal/customers63bec387ee11cb0001e2571c'),1
DELETE,/customers63bec386ee11cb0001e2568b,HTTPError('404 Client Error: Not Found for url: http://host.docker.internal/customers63bec386ee11cb0001e2568b'),1
DELETE,/customers63bec384ee11cb0001e25585,HTTPError('404 Client Error: Not Found for url: http://host.docker.internal/customers63bec384ee11cb0001e25585'),1
DELETE,/customers63bec383ee11cb0001e25538,HTTPError('404 Client Error: Not Found for url: http://host.docker.internal/customers63bec383ee11cb0001e25538'),1
DELETE,/customers63bec389ee11cb0001e258e2,HTTPError('404 Client Error: Not Found for url: http://host.docker.internal/customers63bec389ee11cb0001e258e2'),1
DELETE,/customers63bec385ee11cb0001e255f5,HTTPError('404 Client Error: Not Found for url: http://host.docker.internal/customers63bec385ee11cb0001e255f5'),1
DELETE,/customers63bec385ee11cb0001e255dc,HTTPError('404 Client Error: Not Found for url: http://host.docker.internal/customers63bec385ee11cb0001e255dc'),1
DELETE,/customers63bec389ee11cb0001e258bd,HTTPError('404 Client Error: Not Found for url: http://host.docker.internal/customers63bec389ee11cb0001e258bd'),1
DELETE,/customers63bec387ee11cb0001e2577d,HTTPError('404 Client Error: Not Found for url: http://host.docker.internal/customers63bec387ee11cb0001e2577d'),1
DELETE,/customers63bec387ee11cb0001e2574a,HTTPError('404 Client Error: Not Found for url: http://host.docker.internal/customers63bec387ee11cb0001e2574a'),1
DELETE,/customers63bec388ee11cb0001e257c0,HTTPError('404 Client Error: Not Found for url: http://host.docker.internal/customers63bec388ee11cb0001e257c0'),1
DELETE,/customers63bec388ee11cb0001e257c2,HTTPError('404 Client Error: Not Found for url: http://host.docker.internal/customers63bec388ee11cb0001e257c2'),1
DELETE,/customers63bec384ee11cb0001e25580,HTTPError('404 Client Error: Not Found for url: http://host.docker.internal/customers63bec384ee11cb0001e25580'),1
DELETE,/customers63bec386ee11cb0001e25653,HTTPError('404 Client Error: Not Found for url: http://host.docker.internal/customers63bec386ee11cb0001e25653'),1
DELETE,/customers63bec388ee11cb0001e25850,HTTPError('404 Client Error: Not Found for url: http://host.docker.internal/customers63bec388ee11cb0001e25850'),1
DELETE,/customers63bec388ee11cb0001e257ff,HTTPError('404 Client Error: Not Found for url: http://host.docker.internal/customers63bec388ee11cb0001e257ff'),1
DELETE,/customers63bec384ee11cb0001e2558a,HTTPError('404 Client Error: Not Found for url: http://host.docker.internal/customers63bec384ee11cb0001e2558a'),1
DELETE,/customers63bec388ee11cb0001e2583a,HTTPError('404 Client Error: Not Found for url: http://host.docker.internal/customers63bec388ee11cb0001e2583a'),1
DELETE,/customers63bec384ee11cb0001e2559b,HTTPError('404 Client Error: Not Found for url: http://host.docker.internal/customers63bec384ee11cb0001e2559b'),1
DELETE,/customers63bec388ee11cb0001e257ba,HTTPError('404 Client Error: Not Found for url: http://host.docker.internal/customers63bec388ee11cb0001e257ba'),1
DELETE,/customers63bec389ee11cb0001e258fb,HTTPError('404 Client Error: Not Found for url: http://host.docker.internal/customers63bec389ee11cb0001e258fb'),1
DELETE,/customers63bec386ee11cb0001e25644,HTTPError('404 Client Error: Not Found for url: http://host.docker.internal/customers63bec386ee11cb0001e25644'),1
DELETE,/customers63bec383ee11cb0001e25524,HTTPError('404 Client Error: Not Found for url: http://host.docker.internal/customers63bec383ee11cb0001e25524'),1
DELETE,/customers63bec387ee11cb0001e256ec,HTTPError('404 Client Error: Not Found for url: http://host.docker.internal/customers63bec387ee11cb0001e256ec'),1
DELETE,/customers63bec389ee11cb0001e258dd,HTTPError('404 Client Error: Not Found for url: http://host.docker.internal/customers63bec389ee11cb0001e258dd'),1
DELETE,/customers63bec389ee11cb0001e258c5,HTTPError('404 Client Error: Not Found for url: http://host.docker.internal/customers63bec389ee11cb0001e258c5'),1
DELETE,/customers63bec384ee11cb0001e2555a,HTTPError('404 Client Error: Not Found for url: http://host.docker.internal/customers63bec384ee11cb0001e2555a'),1
DELETE,/customers63bec383ee11cb0001e2552f,HTTPError('404 Client Error: Not Found for url: http://host.docker.internal/customers63bec383ee11cb0001e2552f'),1
DELETE,/customers63bec387ee11cb0001e25768,HTTPError('404 Client Error: Not Found for url: http://host.docker.internal/customers63bec387ee11cb0001e25768'),1
DELETE,/customers63bec387ee11cb0001e2576c,HTTPError('404 Client Error: Not Found for url: http://host.docker.internal/customers63bec387ee11cb0001e2576c'),1
DELETE,/customers63bec389ee11cb0001e25887,HTTPError('404 Client Error: Not Found for url: http://host.docker.internal/customers63bec389ee11cb0001e25887'),1
DELETE,/customers63bec382ee11cb0001e254f4,HTTPError('404 Client Error: Not Found for url: http://host.docker.internal/customers63bec382ee11cb0001e254f4'),1
DELETE,/customers63bec387ee11cb0001e2572a,HTTPError('404 Client Error: Not Found for url: http://host.docker.internal/customers63bec387ee11cb0001e2572a'),1
DELETE,/customers63bec383ee11cb0001e25539,HTTPError('404 Client Error: Not Found for url: http://host.docker.internal/customers63bec383ee11cb0001e25539'),1
DELETE,/customers63bec386ee11cb0001e2567d,HTTPError('404 Client Error: Not Found for url: http://host.docker.internal/customers63bec386ee11cb0001e2567d'),1
DELETE,/customers63bec384ee11cb0001e2558f,HTTPError('404 Client Error: Not Found for url: http://host.docker.internal/customers63bec384ee11cb0001e2558f'),1
DELETE,/customers63bec387ee11cb0001e2570c,HTTPError('404 Client Error: Not Found for url: http://host.docker.internal/customers63bec387ee11cb0001e2570c'),1
DELETE,/customers63bec387ee11cb0001e25775,HTTPError('404 Client Error: Not Found for url: http://host.docker.internal/customers63bec387ee11cb0001e25775'),1
DELETE,/customers63bec386ee11cb0001e256b5,HTTPError('404 Client Error: Not Found for url: http://host.docker.internal/customers63bec386ee11cb0001e256b5'),1
DELETE,/customers63bec386ee11cb0001e2565d,HTTPError('404 Client Error: Not Found for url: http://host.docker.internal/customers63bec386ee11cb0001e2565d'),1
DELETE,/customers63bec388ee11cb0001e25801,HTTPError('404 Client Error: Not Found for url: http://host.docker.internal/customers63bec388ee11cb0001e25801'),1
DELETE,/customers63bec387ee11cb0001e2576b,HTTPError('404 Client Error: Not Found for url: http://host.docker.internal/customers63bec387ee11cb0001e2576b'),1
DELETE,/customers63bec389ee11cb0001e258b9,HTTPError('404 Client Error: Not Found for url: http://host.docker.internal/customers63bec389ee11cb0001e258b9'),1
DELETE,/customers63bec388ee11cb0001e257eb,HTTPError('404 Client Error: Not Found for url: http://host.docker.internal/customers63bec388ee11cb0001e257eb'),1
DELETE,/customers63bec382ee11cb0001e254f9,HTTPError('404 Client Error: Not Found for url: http://host.docker.internal/customers63bec382ee11cb0001e254f9'),1
DELETE,/customers63bec386ee11cb0001e25697,HTTPError('404 Client Error: Not Found for url: http://host.docker.internal/customers63bec386ee11cb0001e25697'),1
DELETE,/customers63bec386ee11cb0001e256a6,HTTPError('404 Client Error: Not Found for url: http://host.docker.internal/customers63bec386ee11cb0001e256a6'),1
DELETE,/customers63bec382ee11cb0001e254f2,HTTPError('404 Client Error: Not Found for url: http://host.docker.internal/customers63bec382ee11cb0001e254f2'),1
DELETE,/customers63bec386ee11cb0001e2568c,HTTPError('404 Client Error: Not Found for url: http://host.docker.internal/customers63bec386ee11cb0001e2568c'),1
DELETE,/customers63bec389ee11cb0001e25868,HTTPError('404 Client Error: Not Found for url: http://host.docker.internal/customers63bec389ee11cb0001e25868'),1
DELETE,/customers63bec385ee11cb0001e255c2,HTTPError('404 Client Error: Not Found for url: http://host.docker.internal/customers63bec385ee11cb0001e255c2'),1
DELETE,/customers63bec388ee11cb0001e257f2,HTTPError('404 Client Error: Not Found for url: http://host.docker.internal/customers63bec388ee11cb0001e257f2'),1
DELETE,/customers63bec388ee11cb0001e2582a,HTTPError('404 Client Error: Not Found for url: http://host.docker.internal/customers63bec388ee11cb0001e2582a'),1
DELETE,/customers63bec389ee11cb0001e258de,HTTPError('404 Client Error: Not Found for url: http://host.docker.internal/customers63bec389ee11cb0001e258de'),1
DELETE,/customers63bec382ee11cb0001e254f1,HTTPError('404 Client Error: Not Found for url: http://host.docker.internal/customers63bec382ee11cb0001e254f1'),1
DELETE,/customers63bec384ee11cb0001e2555f,HTTPError('404 Client Error: Not Found for url: http://host.docker.internal/customers63bec384ee11cb0001e2555f'),1
DELETE,/customers63bec383ee11cb0001e25537,HTTPError('404 Client Error: Not Found for url: http://host.docker.internal/customers63bec383ee11cb0001e25537'),1
DELETE,/customers63bec387ee11cb0001e256e0,HTTPError('404 Client Error: Not Found for url: http://host.docker.internal/customers63bec387ee11cb0001e256e0'),1
DELETE,/customers63bec382ee11cb0001e254fd,HTTPError('404 Client Error: Not Found for url: http://host.docker.internal/customers63bec382ee11cb0001e254fd'),1
DELETE,/customers63bec387ee11cb0001e25740,HTTPError('404 Client Error: Not Found for url: http://host.docker.internal/customers63bec387ee11cb0001e25740'),1
DELETE,/customers63bec387ee11cb0001e2573b,HTTPError('404 Client Error: Not Found for url: http://host.docker.internal/customers63bec387ee11cb0001e2573b'),1
DELETE,/customers63bec387ee11cb0001e2574f,HTTPError('404 Client Error: Not Found for url: http://host.docker.internal/customers63bec387ee11cb0001e2574f'),1
DELETE,/customers63bec387ee11cb0001e25745,HTTPError('404 Client Error: Not Found for url: http://host.docker.internal/customers63bec387ee11cb0001e25745'),1
DELETE,/customers63bec384ee11cb0001e25553,HTTPError('404 Client Error: Not Found for url: http://host.docker.internal/customers63bec384ee11cb0001e25553'),1
DELETE,/customers63bec382ee11cb0001e254fe,HTTPError('404 Client Error: Not Found for url: http://host.docker.internal/customers63bec382ee11cb0001e254fe'),1
DELETE,/customers63bec389ee11cb0001e25863,HTTPError('404 Client Error: Not Found for url: http://host.docker.internal/customers63bec389ee11cb0001e25863'),1
DELETE,/customers63bec388ee11cb0001e257b5,HTTPError('404 Client Error: Not Found for url: http://host.docker.internal/customers63bec388ee11cb0001e257b5'),1
DELETE,/customers63bec387ee11cb0001e25722,HTTPError('404 Client Error: Not Found for url: http://host.docker.internal/customers63bec387ee11cb0001e25722'),1
DELETE,/customers63bec388ee11cb0001e25851,HTTPError('404 Client Error: Not Found for url: http://host.docker.internal/customers63bec388ee11cb0001e25851'),1
DELETE,/customers63bec387ee11cb0001e25700,HTTPError('404 Client Error: Not Found for url: http://host.docker.internal/customers63bec387ee11cb0001e25700'),1
DELETE,/customers63bec384ee11cb0001e25575,HTTPError('404 Client Error: Not Found for url: http://host.docker.internal/customers63bec384ee11cb0001e25575'),1
DELETE,/customers63bec385ee11cb0001e25615,HTTPError('404 Client Error: Not Found for url: http://host.docker.internal/customers63bec385ee11cb0001e25615'),1
DELETE,/customers63bec383ee11cb0001e25530,HTTPError('404 Client Error: Not Found for url: http://host.docker.internal/customers63bec383ee11cb0001e25530'),1
DELETE,/customers63bec388ee11cb0001e25791,HTTPError('404 Client Error: Not Found for url: http://host.docker.internal/customers63bec388ee11cb0001e25791'),1
DELETE,/customers63bec389ee11cb0001e2586c,HTTPError('404 Client Error: Not Found for url: http://host.docker.internal/customers63bec389ee11cb0001e2586c'),1
DELETE,/customers63bec384ee11cb0001e25583,HTTPError('404 Client Error: Not Found for url: http://host.docker.internal/customers63bec384ee11cb0001e25583'),1
DELETE,/customers63bec383ee11cb0001e25536,HTTPError('404 Client Error: Not Found for url: http://host.docker.internal/customers63bec383ee11cb0001e25536'),1
DELETE,/customers63bec387ee11cb0001e25721,HTTPError('404 Client Error: Not Found for url: http://host.docker.internal/customers63bec387ee11cb0001e25721'),1
DELETE,/customers63bec386ee11cb0001e25675,HTTPError('404 Client Error: Not Found for url: http://host.docker.internal/customers63bec386ee11cb0001e25675'),1
DELETE,/customers63bec388ee11cb0001e2584e,HTTPError('404 Client Error: Not Found for url: http://host.docker.internal/customers63bec388ee11cb0001e2584e'),1
DELETE,/customers63bec384ee11cb0001e2558d,HTTPError('404 Client Error: Not Found for url: http://host.docker.internal/customers63bec384ee11cb0001e2558d'),1
DELETE,/customers63bec386ee11cb0001e256ad,HTTPError('404 Client Error: Not Found for url: http://host.docker.internal/customers63bec386ee11cb0001e256ad'),1
DELETE,/customers63bec384ee11cb0001e25576,HTTPError('404 Client Error: Not Found for url: http://host.docker.internal/customers63bec384ee11cb0001e25576'),1
DELETE,/customers63bec386ee11cb0001e256a9,HTTPError('404 Client Error: Not Found for url: http://host.docker.internal/customers63bec386ee11cb0001e256a9'),1
DELETE,/customers63bec387ee11cb0001e25765,HTTPError('404 Client Error: Not Found for url: http://host.docker.internal/customers63bec387ee11cb0001e25765'),1
DELETE,/customers63bec385ee11cb0001e255d9,HTTPError('404 Client Error: Not Found for url: http://host.docker.internal/customers63bec385ee11cb0001e255d9'),1
DELETE,/customers63bec389ee11cb0001e258f6,HTTPError('404 Client Error: Not Found for url: http://host.docker.internal/customers63bec389ee11cb0001e258f6'),1
DELETE,/customers63bec382ee11cb0001e254f6,HTTPError('404 Client Error: Not Found for url: http://host.docker.internal/customers63bec382ee11cb0001e254f6'),1
DELETE,/customers63bec387ee11cb0001e25750,HTTPError('404 Client Error: Not Found for url: http://host.docker.internal/customers63bec387ee11cb0001e25750'),1
DELETE,/customers63bec384ee11cb0001e25593,HTTPError('404 Client Error: Not Found for url: http://host.docker.internal/customers63bec384ee11cb0001e25593'),1
DELETE,/customers63bec385ee11cb0001e25604,HTTPError('404 Client Error: Not Found for url: http://host.docker.internal/customers63bec385ee11cb0001e25604'),1
DELETE,/customers63bec385ee11cb0001e25612,HTTPError('404 Client Error: Not Found for url: http://host.docker.internal/customers63bec385ee11cb0001e25612'),1
DELETE,/customers63bec388ee11cb0001e2579c,HTTPError('404 Client Error: Not Found for url: http://host.docker.internal/customers63bec388ee11cb0001e2579c'),1
DELETE,/customers63bec383ee11cb0001e2552a,HTTPError('404 Client Error: Not Found for url: http://host.docker.internal/customers63bec383ee11cb0001e2552a'),1
DELETE,/customers63bec385ee11cb0001e255ca,HTTPError('404 Client Error: Not Found for url: http://host.docker.internal/customers63bec385ee11cb0001e255ca'),1
DELETE,/customers63bec389ee11cb0001e25881,HTTPError('404 Client Error: Not Found for url: http://host.docker.internal/customers63bec389ee11cb0001e25881'),1
DELETE,/customers63bec388ee11cb0001e25806,HTTPError('404 Client Error: Not Found for url: http://host.docker.internal/customers63bec388ee11cb0001e25806'),1
DELETE,/customers63bec387ee11cb0001e2575b,HTTPError('404 Client Error: Not Found for url: http://host.docker.internal/customers63bec387ee11cb0001e2575b'),1
DELETE,/customers63bec386ee11cb0001e2568d,HTTPError('404 Client Error: Not Found for url: http://host.docker.internal/customers63bec386ee11cb0001e2568d'),1
DELETE,/customers63bec387ee11cb0001e25731,HTTPError('404 Client Error: Not Found for url: http://host.docker.internal/customers63bec387ee11cb0001e25731'),1
DELETE,/customers63bec385ee11cb0001e255ee,HTTPError('404 Client Error: Not Found for url: http://host.docker.internal/customers63bec385ee11cb0001e255ee'),1
DELETE,/customers63bec386ee11cb0001e25685,HTTPError('404 Client Error: Not Found for url: http://host.docker.internal/customers63bec386ee11cb0001e25685'),1
DELETE,/customers63bec388ee11cb0001e2579d,HTTPError('404 Client Error: Not Found for url: http://host.docker.internal/customers63bec388ee11cb0001e2579d'),1
DELETE,/customers63bec388ee11cb0001e257c1,HTTPError('404 Client Error: Not Found for url: http://host.docker.internal/customers63bec388ee11cb0001e257c1'),1
DELETE,/customers63bec386ee11cb0001e256ae,HTTPError('404 Client Error: Not Found for url: http://host.docker.internal/customers63bec386ee11cb0001e256ae'),1
DELETE,/customers63bec389ee11cb0001e2588f,HTTPError('404 Client Error: Not Found for url: http://host.docker.internal/customers63bec389ee11cb0001e2588f'),1
DELETE,/customers63bec388ee11cb0001e257d3,HTTPError('404 Client Error: Not Found for url: http://host.docker.internal/customers63bec388ee11cb0001e257d3'),1
DELETE,/customers63bec384ee11cb0001e2556d,HTTPError('404 Client Error: Not Found for url: http://host.docker.internal/customers63bec384ee11cb0001e2556d'),1
DELETE,/customers63bec389ee11cb0001e2588a,HTTPError('404 Client Error: Not Found for url: http://host.docker.internal/customers63bec389ee11cb0001e2588a'),1
DELETE,/customers63bec388ee11cb0001e257b8,HTTPError('404 Client Error: Not Found for url: http://host.docker.internal/customers63bec388ee11cb0001e257b8'),1
DELETE,/customers63bec388ee11cb0001e2581c,HTTPError('404 Client Error: Not Found for url: http://host.docker.internal/customers63bec388ee11cb0001e2581c'),1
DELETE,/customers63bec389ee11cb0001e258eb,HTTPError('404 Client Error: Not Found for url: http://host.docker.internal/customers63bec389ee11cb0001e258eb'),1
DELETE,/customers63bec384ee11cb0001e2557b,HTTPError('404 Client Error: Not Found for url: http://host.docker.internal/customers63bec384ee11cb0001e2557b'),1
DELETE,/customers63bec388ee11cb0001e2580f,HTTPError('404 Client Error: Not Found for url: http://host.docker.internal/customers63bec388ee11cb0001e2580f'),1
DELETE,/customers63bec389ee11cb0001e25861,HTTPError('404 Client Error: Not Found for url: http://host.docker.internal/customers63bec389ee11cb0001e25861'),1
DELETE,/customers63bec389ee11cb0001e2587c,HTTPError('404 Client Error: Not Found for url: http://host.docker.internal/customers63bec389ee11cb0001e2587c'),1
DELETE,/customers63bec389ee11cb0001e258f0,HTTPError('404 Client Error: Not Found for url: http://host.docker.internal/customers63bec389ee11cb0001e258f0'),1
DELETE,/customers63bec388ee11cb0001e2583b,HTTPError('404 Client Error: Not Found for url: http://host.docker.internal/customers63bec388ee11cb0001e2583b'),1
DELETE,/customers63bec387ee11cb0001e2577f,HTTPError('404 Client Error: Not Found for url: http://host.docker.internal/customers63bec387ee11cb0001e2577f'),1
DELETE,/customers63bec388ee11cb0001e257c7,HTTPError('404 Client Error: Not Found for url: http://host.docker.internal/customers63bec388ee11cb0001e257c7'),1
DELETE,/customers63bec384ee11cb0001e25589,HTTPError('404 Client Error: Not Found for url: http://host.docker.internal/customers63bec384ee11cb0001e25589'),1
DELETE,/customers63bec389ee11cb0001e258a5,HTTPError('404 Client Error: Not Found for url: http://host.docker.internal/customers63bec389ee11cb0001e258a5'),1
DELETE,/customers63bec388ee11cb0001e257a9,HTTPError('404 Client Error: Not Found for url: http://host.docker.internal/customers63bec388ee11cb0001e257a9'),1
DELETE,/customers63bec386ee11cb0001e256a0,HTTPError('404 Client Error: Not Found for url: http://host.docker.internal/customers63bec386ee11cb0001e256a0'),1
DELETE,/customers63bec385ee11cb0001e255ab,HTTPError('404 Client Error: Not Found for url: http://host.docker.internal/customers63bec385ee11cb0001e255ab'),1
DELETE,/customers63bec387ee11cb0001e256ff,HTTPError('404 Client Error: Not Found for url: http://host.docker.internal/customers63bec387ee11cb0001e256ff'),1
DELETE,/customers63bec387ee11cb0001e25759,HTTPError('404 Client Error: Not Found for url: http://host.docker.internal/customers63bec387ee11cb0001e25759'),1
DELETE,/customers63bec388ee11cb0001e257c5,HTTPError('404 Client Error: Not Found for url: http://host.docker.internal/customers63bec388ee11cb0001e257c5'),1
DELETE,/customers63bec388ee11cb0001e257af,HTTPError('404 Client Error: Not Found for url: http://host.docker.internal/customers63bec388ee11cb0001e257af'),1
DELETE,/customers63bec389ee11cb0001e25879,HTTPError('404 Client Error: Not Found for url: http://host.docker.internal/customers63bec389ee11cb0001e25879'),1
DELETE,/customers63bec385ee11cb0001e255c1,HTTPError('404 Client Error: Not Found for url: http://host.docker.internal/customers63bec385ee11cb0001e255c1'),1
DELETE,/customers63bec385ee11cb0001e2560b,HTTPError('404 Client Error: Not Found for url: http://host.docker.internal/customers63bec385ee11cb0001e2560b'),1
DELETE,/customers63bec389ee11cb0001e258a9,HTTPError('404 Client Error: Not Found for url: http://host.docker.internal/customers63bec389ee11cb0001e258a9'),1
DELETE,/customers63bec385ee11cb0001e25609,HTTPError('404 Client Error: Not Found for url: http://host.docker.internal/customers63bec385ee11cb0001e25609'),1
DELETE,/customers63bec386ee11cb0001e2565f,HTTPError('404 Client Error: Not Found for url: http://host.docker.internal/customers63bec386ee11cb0001e2565f'),1
DELETE,/customers63bec382ee11cb0001e254fa,HTTPError('404 Client Error: Not Found for url: http://host.docker.internal/customers63bec382ee11cb0001e254fa'),1
DELETE,/customers63bec384ee11cb0001e2557f,HTTPError('404 Client Error: Not Found for url: http://host.docker.internal/customers63bec384ee11cb0001e2557f'),1
DELETE,/customers63bec387ee11cb0001e25720,HTTPError('404 Client Error: Not Found for url: http://host.docker.internal/customers63bec387ee11cb0001e25720'),1
DELETE,/customers63bec389ee11cb0001e2587d,HTTPError('404 Client Error: Not Found for url: http://host.docker.internal/customers63bec389ee11cb0001e2587d'),1
DELETE,/customers63bec389ee11cb0001e258b3,HTTPError('404 Client Error: Not Found for url: http://host.docker.internal/customers63bec389ee11cb0001e258b3'),1
DELETE,/customers63bec386ee11cb0001e2567b,HTTPError('404 Client Error: Not Found for url: http://host.docker.internal/customers63bec386ee11cb0001e2567b'),1
DELETE,/customers63bec386ee11cb0001e256d1,HTTPError('404 Client Error: Not Found for url: http://host.docker.internal/customers63bec386ee11cb0001e256d1'),1
DELETE,/customers63bec388ee11cb0001e2578e,HTTPError('404 Client Error: Not Found for url: http://host.docker.internal/customers63bec388ee11cb0001e2578e'),1
DELETE,/customers63bec384ee11cb0001e25590,HTTPError('404 Client Error: Not Found for url: http://host.docker.internal/customers63bec384ee11cb0001e25590'),1
DELETE,/customers63bec384ee11cb0001e2557e,HTTPError('404 Client Error: Not Found for url: http://host.docker.internal/customers63bec384ee11cb0001e2557e'),1
DELETE,/customers63bec385ee11cb0001e25610,HTTPError('404 Client Error: Not Found for url: http://host.docker.internal/customers63bec385ee11cb0001e25610'),1
DELETE,/customers63bec385ee11cb0001e25606,HTTPError('404 Client Error: Not Found for url: http://host.docker.internal/customers63bec385ee11cb0001e25606'),1
DELETE,/customers63bec388ee11cb0001e25819,HTTPError('404 Client Error: Not Found for url: http://host.docker.internal/customers63bec388ee11cb0001e25819'),1
DELETE,/customers63bec384ee11cb0001e25581,HTTPError('404 Client Error: Not Found for url: http://host.docker.internal/customers63bec384ee11cb0001e25581'),1
DELETE,/customers63bec386ee11cb0001e256a2,HTTPError('404 Client Error: Not Found for url: http://host.docker.internal/customers63bec386ee11cb0001e256a2'),1
DELETE,/customers63bec389ee11cb0001e258da,HTTPError('404 Client Error: Not Found for url: http://host.docker.internal/customers63bec389ee11cb0001e258da'),1
DELETE,/customers63bec386ee11cb0001e25677,HTTPError('404 Client Error: Not Found for url: http://host.docker.internal/customers63bec386ee11cb0001e25677'),1
DELETE,/customers63bec385ee11cb0001e25605,HTTPError('404 Client Error: Not Found for url: http://host.docker.internal/customers63bec385ee11cb0001e25605'),1
DELETE,/customers63bec387ee11cb0001e2572e,HTTPError('404 Client Error: Not Found for url: http://host.docker.internal/customers63bec387ee11cb0001e2572e'),1
DELETE,/customers63bec384ee11cb0001e25562,HTTPError('404 Client Error: Not Found for url: http://host.docker.internal/customers63bec384ee11cb0001e25562'),1
DELETE,/customers63bec386ee11cb0001e25688,HTTPError('404 Client Error: Not Found for url: http://host.docker.internal/customers63bec386ee11cb0001e25688'),1
DELETE,/customers63bec384ee11cb0001e2557c,HTTPError('404 Client Error: Not Found for url: http://host.docker.internal/customers63bec384ee11cb0001e2557c'),1
DELETE,/customers63bec386ee11cb0001e256a1,HTTPError('404 Client Error: Not Found for url: http://host.docker.internal/customers63bec386ee11cb0001e256a1'),1
DELETE,/customers63bec389ee11cb0001e258c8,HTTPError('404 Client Error: Not Found for url: http://host.docker.internal/customers63bec389ee11cb0001e258c8'),1
DELETE,/customers63bec389ee11cb0001e25864,HTTPError('404 Client Error: Not Found for url: http://host.docker.internal/customers63bec389ee11cb0001e25864'),1
DELETE,/customers63bec386ee11cb0001e25686,HTTPError('404 Client Error: Not Found for url: http://host.docker.internal/customers63bec386ee11cb0001e25686'),1
DELETE,/customers63bec388ee11cb0001e257cf,HTTPError('404 Client Error: Not Found for url: http://host.docker.internal/customers63bec388ee11cb0001e257cf'),1
DELETE,/customers63bec388ee11cb0001e257aa,HTTPError('404 Client Error: Not Found for url: http://host.docker.internal/customers63bec388ee11cb0001e257aa'),1
DELETE,/customers63bec388ee11cb0001e257ca,HTTPError('404 Client Error: Not Found for url: http://host.docker.internal/customers63bec388ee11cb0001e257ca'),1
DELETE,/customers63bec387ee11cb0001e256e2,HTTPError('404 Client Error: Not Found for url: http://host.docker.internal/customers63bec387ee11cb0001e256e2'),1
DELETE,/customers63bec388ee11cb0001e25832,HTTPError('404 Client Error: Not Found for url: http://host.docker.internal/customers63bec388ee11cb0001e25832'),1
DELETE,/customers63bec388ee11cb0001e25821,HTTPError('404 Client Error: Not Found for url: http://host.docker.internal/customers63bec388ee11cb0001e25821'),1
DELETE,/customers63bec387ee11cb0001e256fb,HTTPError('404 Client Error: Not Found for url: http://host.docker.internal/customers63bec387ee11cb0001e256fb'),1
DELETE,/customers63bec389ee11cb0001e258a8,HTTPError('404 Client Error: Not Found for url: http://host.docker.internal/customers63bec389ee11cb0001e258a8'),1
DELETE,/customers63bec387ee11cb0001e25783,HTTPError('404 Client Error: Not Found for url: http://host.docker.internal/customers63bec387ee11cb0001e25783'),1
DELETE,/customers63bec386ee11cb0001e256b1,HTTPError('404 Client Error: Not Found for url: http://host.docker.internal/customers63bec386ee11cb0001e256b1'),1
DELETE,/customers63bec388ee11cb0001e257ed,HTTPError('404 Client Error: Not Found for url: http://host.docker.internal/customers63bec388ee11cb0001e257ed'),1
DELETE,/customers63bec384ee11cb0001e25565,HTTPError('404 Client Error: Not Found for url: http://host.docker.internal/customers63bec384ee11cb0001e25565'),1
DELETE,/customers63bec384ee11cb0001e2558c,HTTPError('404 Client Error: Not Found for url: http://host.docker.internal/customers63bec384ee11cb0001e2558c'),1
DELETE,/customers63bec389ee11cb0001e258fa,HTTPError('404 Client Error: Not Found for url: http://host.docker.internal/customers63bec389ee11cb0001e258fa'),1
DELETE,/customers63bec387ee11cb0001e25738,HTTPError('404 Client Error: Not Found for url: http://host.docker.internal/customers63bec387ee11cb0001e25738'),1
DELETE,/customers63bec383ee11cb0001e2552e,HTTPError('404 Client Error: Not Found for url: http://host.docker.internal/customers63bec383ee11cb0001e2552e'),1
DELETE,/customers63bec389ee11cb0001e258d9,HTTPError('404 Client Error: Not Found for url: http://host.docker.internal/customers63bec389ee11cb0001e258d9'),1
DELETE,/customers63bec388ee11cb0001e257a7,HTTPError('404 Client Error: Not Found for url: http://host.docker.internal/customers63bec388ee11cb0001e257a7'),1
DELETE,/customers63bec383ee11cb0001e25528,HTTPError('404 Client Error: Not Found for url: http://host.docker.internal/customers63bec383ee11cb0001e25528'),1
DELETE,/customers63bec386ee11cb0001e256da,HTTPError('404 Client Error: Not Found for url: http://host.docker.internal/customers63bec386ee11cb0001e256da'),1
DELETE,/customers63bec389ee11cb0001e258d1,HTTPError('404 Client Error: Not Found for url: http://host.docker.internal/customers63bec389ee11cb0001e258d1'),1
DELETE,/customers63bec384ee11cb0001e25587,HTTPError('404 Client Error: Not Found for url: http://host.docker.internal/customers63bec384ee11cb0001e25587'),1
DELETE,/customers63bec387ee11cb0001e2573e,HTTPError('404 Client Error: Not Found for url: http://host.docker.internal/customers63bec387ee11cb0001e2573e'),1
DELETE,/customers63bec385ee11cb0001e255fa,HTTPError('404 Client Error: Not Found for url: http://host.docker.internal/customers63bec385ee11cb0001e255fa'),1
DELETE,/customers63bec389ee11cb0001e2589c,HTTPError('404 Client Error: Not Found for url: http://host.docker.internal/customers63bec389ee11cb0001e2589c'),1
DELETE,/customers63bec388ee11cb0001e257d6,HTTPError('404 Client Error: Not Found for url: http://host.docker.internal/customers63bec388ee11cb0001e257d6'),1
DELETE,/customers63bec388ee11cb0001e257ec,HTTPError('404 Client Error: Not Found for url: http://host.docker.internal/customers63bec388ee11cb0001e257ec'),1
DELETE,/customers63bec385ee11cb0001e255f6,HTTPError('404 Client Error: Not Found for url: http://host.docker.internal/customers63bec385ee11cb0001e255f6'),1
DELETE,/customers63bec385ee11cb0001e25607,HTTPError('404 Client Error: Not Found for url: http://host.docker.internal/customers63bec385ee11cb0001e25607'),1
DELETE,/customers63bec389ee11cb0001e2586d,HTTPError('404 Client Error: Not Found for url: http://host.docker.internal/customers63bec389ee11cb0001e2586d'),1
DELETE,/customers63bec383ee11cb0001e2552c,HTTPError('404 Client Error: Not Found for url: http://host.docker.internal/customers63bec383ee11cb0001e2552c'),1
DELETE,/customers63bec385ee11cb0001e255d1,HTTPError('404 Client Error: Not Found for url: http://host.docker.internal/customers63bec385ee11cb0001e255d1'),1
DELETE,/customers63bec389ee11cb0001e258ea,HTTPError('404 Client Error: Not Found for url: http://host.docker.internal/customers63bec389ee11cb0001e258ea'),1
DELETE,/customers63bec385ee11cb0001e255c4,HTTPError('404 Client Error: Not Found for url: http://host.docker.internal/customers63bec385ee11cb0001e255c4'),1
DELETE,/customers63bec384ee11cb0001e25586,HTTPError('404 Client Error: Not Found for url: http://host.docker.internal/customers63bec384ee11cb0001e25586'),1
DELETE,/customers63bec387ee11cb0001e25761,HTTPError('404 Client Error: Not Found for url: http://host.docker.internal/customers63bec387ee11cb0001e25761'),1
DELETE,/customers63bec388ee11cb0001e2583d,HTTPError('404 Client Error: Not Found for url: http://host.docker.internal/customers63bec388ee11cb0001e2583d'),1
DELETE,/customers63bec388ee11cb0001e257e0,HTTPError('404 Client Error: Not Found for url: http://host.docker.internal/customers63bec388ee11cb0001e257e0'),1
DELETE,/customers63bec388ee11cb0001e25822,HTTPError('404 Client Error: Not Found for url: http://host.docker.internal/customers63bec388ee11cb0001e25822'),1
DELETE,/customers63bec386ee11cb0001e256c3,HTTPError('404 Client Error: Not Found for url: http://host.docker.internal/customers63bec386ee11cb0001e256c3'),1
DELETE,/customers63bec387ee11cb0001e25737,HTTPError('404 Client Error: Not Found for url: http://host.docker.internal/customers63bec387ee11cb0001e25737'),1
DELETE,/customers63bec388ee11cb0001e25790,HTTPError('404 Client Error: Not Found for url: http://host.docker.internal/customers63bec388ee11cb0001e25790'),1
DELETE,/customers63bec387ee11cb0001e2576f,HTTPError('404 Client Error: Not Found for url: http://host.docker.internal/customers63bec387ee11cb0001e2576f'),1
DELETE,/customers63bec387ee11cb0001e25736,HTTPError('404 Client Error: Not Found for url: http://host.docker.internal/customers63bec387ee11cb0001e25736'),1
DELETE,/customers63bec388ee11cb0001e2580b,HTTPError('404 Client Error: Not Found for url: http://host.docker.internal/customers63bec388ee11cb0001e2580b'),1
DELETE,/customers63bec386ee11cb0001e256aa,HTTPError('404 Client Error: Not Found for url: http://host.docker.internal/customers63bec386ee11cb0001e256aa'),1
DELETE,/customers63bec388ee11cb0001e257d2,HTTPError('404 Client Error: Not Found for url: http://host.docker.internal/customers63bec388ee11cb0001e257d2'),1
DELETE,/customers63bec387ee11cb0001e25708,HTTPError('404 Client Error: Not Found for url: http://host.docker.internal/customers63bec387ee11cb0001e25708'),1
DELETE,/customers63bec385ee11cb0001e2562a,HTTPError('404 Client Error: Not Found for url: http://host.docker.internal/customers63bec385ee11cb0001e2562a'),1
DELETE,/customers63bec388ee11cb0001e2581e,HTTPError('404 Client Error: Not Found for url: http://host.docker.internal/customers63bec388ee11cb0001e2581e'),1
DELETE,/customers63bec386ee11cb0001e2565a,HTTPError('404 Client Error: Not Found for url: http://host.docker.internal/customers63bec386ee11cb0001e2565a'),1
DELETE,/customers63bec389ee11cb0001e258d7,HTTPError('404 Client Error: Not Found for url: http://host.docker.internal/customers63bec389ee11cb0001e258d7'),1
DELETE,/customers63bec389ee11cb0001e25894,HTTPError('404 Client Error: Not Found for url: http://host.docker.internal/customers63bec389ee11cb0001e25894'),1
DELETE,/customers63bec388ee11cb0001e257cc,HTTPError('404 Client Error: Not Found for url: http://host.docker.internal/customers63bec388ee11cb0001e257cc'),1
DELETE,/customers63bec382ee11cb0001e254fc,HTTPError('404 Client Error: Not Found for url: http://host.docker.internal/customers63bec382ee11cb0001e254fc'),1
DELETE,/customers63bec382ee11cb0001e25500,HTTPError('404 Client Error: Not Found for url: http://host.docker.internal/customers63bec382ee11cb0001e25500'),1
DELETE,/customers63bec387ee11cb0001e25703,HTTPError('404 Client Error: Not Found for url: http://host.docker.internal/customers63bec387ee11cb0001e25703'),1
DELETE,/customers63bec387ee11cb0001e25733,HTTPError('404 Client Error: Not Found for url: http://host.docker.internal/customers63bec387ee11cb0001e25733'),1
DELETE,/customers63bec388ee11cb0001e2579b,HTTPError('404 Client Error: Not Found for url: http://host.docker.internal/customers63bec388ee11cb0001e2579b'),1
DELETE,/customers63bec386ee11cb0001e25665,HTTPError('404 Client Error: Not Found for url: http://host.docker.internal/customers63bec386ee11cb0001e25665'),1
DELETE,/customers63bec388ee11cb0001e257d1,HTTPError('404 Client Error: Not Found for url: http://host.docker.internal/customers63bec388ee11cb0001e257d1'),1
DELETE,/customers63bec388ee11cb0001e2578b,HTTPError('404 Client Error: Not Found for url: http://host.docker.internal/customers63bec388ee11cb0001e2578b'),1
DELETE,/customers63bec389ee11cb0001e2586b,HTTPError('404 Client Error: Not Found for url: http://host.docker.internal/customers63bec389ee11cb0001e2586b'),1
DELETE,/customers63bec388ee11cb0001e25826,HTTPError('404 Client Error: Not Found for url: http://host.docker.internal/customers63bec388ee11cb0001e25826'),1
DELETE,/customers63bec387ee11cb0001e256f5,HTTPError('404 Client Error: Not Found for url: http://host.docker.internal/customers63bec387ee11cb0001e256f5'),1
DELETE,/customers63bec385ee11cb0001e255d2,HTTPError('404 Client Error: Not Found for url: http://host.docker.internal/customers63bec385ee11cb0001e255d2'),1
DELETE,/customers63bec387ee11cb0001e256f9,HTTPError('404 Client Error: Not Found for url: http://host.docker.internal/customers63bec387ee11cb0001e256f9'),1
DELETE,/customers63bec388ee11cb0001e25823,HTTPError('404 Client Error: Not Found for url: http://host.docker.internal/customers63bec388ee11cb0001e25823'),1
DELETE,/customers63bec389ee11cb0001e258ba,HTTPError('404 Client Error: Not Found for url: http://host.docker.internal/customers63bec389ee11cb0001e258ba'),1
DELETE,/customers63bec386ee11cb0001e25696,HTTPError('404 Client Error: Not Found for url: http://host.docker.internal/customers63bec386ee11cb0001e25696'),1
DELETE,/customers63bec389ee11cb0001e2585b,HTTPError('404 Client Error: Not Found for url: http://host.docker.internal/customers63bec389ee11cb0001e2585b'),1
DELETE,/customers63bec384ee11cb0001e25566,HTTPError('404 Client Error: Not Found for url: http://host.docker.internal/customers63bec384ee11cb0001e25566'),1
DELETE,/customers63bec388ee11cb0001e257df,HTTPError('404 Client Error: Not Found for url: http://host.docker.internal/customers63bec388ee11cb0001e257df'),1
DELETE,/customers63bec387ee11cb0001e25718,HTTPError('404 Client Error: Not Found for url: http://host.docker.internal/customers63bec387ee11cb0001e25718'),1
DELETE,/customers63bec383ee11cb0001e25525,HTTPError('404 Client Error: Not Found for url: http://host.docker.internal/customers63bec383ee11cb0001e25525'),1
DELETE,/customers63bec389ee11cb0001e258a3,HTTPError('404 Client Error: Not Found for url: http://host.docker.internal/customers63bec389ee11cb0001e258a3'),1
DELETE,/customers63bec388ee11cb0001e257c9,HTTPError('404 Client Error: Not Found for url: http://host.docker.internal/customers63bec388ee11cb0001e257c9'),1
DELETE,/customers63bec385ee11cb0001e255e1,HTTPError('404 Client Error: Not Found for url: http://host.docker.internal/customers63bec385ee11cb0001e255e1'),1
DELETE,/customers63bec382ee11cb0001e25503,HTTPError('404 Client Error: Not Found for url: http://host.docker.internal/customers63bec382ee11cb0001e25503'),1
DELETE,/customers63bec385ee11cb0001e2561d,HTTPError('404 Client Error: Not Found for url: http://host.docker.internal/customers63bec385ee11cb0001e2561d'),1
DELETE,/customers63bec388ee11cb0001e25845,HTTPError('404 Client Error: Not Found for url: http://host.docker.internal/customers63bec388ee11cb0001e25845'),1
DELETE,/customers63bec389ee11cb0001e258be,HTTPError('404 Client Error: Not Found for url: http://host.docker.internal/customers63bec389ee11cb0001e258be'),1
DELETE,/customers63bec387ee11cb0001e25758,HTTPError('404 Client Error: Not Found for url: http://host.docker.internal/customers63bec387ee11cb0001e25758'),1
DELETE,/customers63bec388ee11cb0001e257fb,HTTPError('404 Client Error: Not Found for url: http://host.docker.internal/customers63bec388ee11cb0001e257fb'),1
DELETE,/customers63bec385ee11cb0001e255fc,HTTPError('404 Client Error: Not Found for url: http://host.docker.internal/customers63bec385ee11cb0001e255fc'),1
DELETE,/customers63bec386ee11cb0001e256c4,HTTPError('404 Client Error: Not Found for url: http://host.docker.internal/customers63bec386ee11cb0001e256c4'),1
DELETE,/customers63bec387ee11cb0001e256e7,HTTPError('404 Client Error: Not Found for url: http://host.docker.internal/customers63bec387ee11cb0001e256e7'),1
DELETE,/customers63bec386ee11cb0001e25646,HTTPError('404 Client Error: Not Found for url: http://host.docker.internal/customers63bec386ee11cb0001e25646'),1
DELETE,/customers63bec388ee11cb0001e25834,HTTPError('404 Client Error: Not Found for url: http://host.docker.internal/customers63bec388ee11cb0001e25834'),1
DELETE,/customers63bec382ee11cb0001e254f5,HTTPError('404 Client Error: Not Found for url: http://host.docker.internal/customers63bec382ee11cb0001e254f5'),1
DELETE,/customers63bec387ee11cb0001e25779,HTTPError('404 Client Error: Not Found for url: http://host.docker.internal/customers63bec387ee11cb0001e25779'),1
DELETE,/customers63bec389ee11cb0001e258cb,HTTPError('404 Client Error: Not Found for url: http://host.docker.internal/customers63bec389ee11cb0001e258cb'),1
DELETE,/customers63bec385ee11cb0001e255f2,HTTPError('404 Client Error: Not Found for url: http://host.docker.internal/customers63bec385ee11cb0001e255f2'),1
DELETE,/customers63bec388ee11cb0001e257bf,HTTPError('404 Client Error: Not Found for url: http://host.docker.internal/customers63bec388ee11cb0001e257bf'),1
DELETE,/customers63bec382ee11cb0001e254ff,HTTPError('404 Client Error: Not Found for url: http://host.docker.internal/customers63bec382ee11cb0001e254ff'),1
DELETE,/customers63bec389ee11cb0001e2585e,HTTPError('404 Client Error: Not Found for url: http://host.docker.internal/customers63bec389ee11cb0001e2585e'),1
DELETE,/customers63bec389ee11cb0001e258f2,HTTPError('404 Client Error: Not Found for url: http://host.docker.internal/customers63bec389ee11cb0001e258f2'),1
DELETE,/customers63bec388ee11cb0001e2580c,HTTPError('404 Client Error: Not Found for url: http://host.docker.internal/customers63bec388ee11cb0001e2580c'),1
DELETE,/customers63bec386ee11cb0001e256b7,HTTPError('404 Client Error: Not Found for url: http://host.docker.internal/customers63bec386ee11cb0001e256b7'),1
DELETE,/customers63bec384ee11cb0001e2556f,HTTPError('404 Client Error: Not Found for url: http://host.docker.internal/customers63bec384ee11cb0001e2556f'),1
DELETE,/customers63bec386ee11cb0001e25699,HTTPError('404 Client Error: Not Found for url: http://host.docker.internal/customers63bec386ee11cb0001e25699'),1
DELETE,/customers63bec384ee11cb0001e2558e,HTTPError('404 Client Error: Not Found for url: http://host.docker.internal/customers63bec384ee11cb0001e2558e'),1
DELETE,/customers63bec385ee11cb0001e2561e,HTTPError('404 Client Error: Not Found for url: http://host.docker.internal/customers63bec385ee11cb0001e2561e'),1
DELETE,/customers63bec385ee11cb0001e2561b,HTTPError('404 Client Error: Not Found for url: http://host.docker.internal/customers63bec385ee11cb0001e2561b'),1
DELETE,/customers63bec388ee11cb0001e257db,HTTPError('404 Client Error: Not Found for url: http://host.docker.internal/customers63bec388ee11cb0001e257db'),1
DELETE,/customers63bec384ee11cb0001e2556b,HTTPError('404 Client Error: Not Found for url: http://host.docker.internal/customers63bec384ee11cb0001e2556b'),1
DELETE,/customers63bec386ee11cb0001e256c2,HTTPError('404 Client Error: Not Found for url: http://host.docker.internal/customers63bec386ee11cb0001e256c2'),1
DELETE,/customers63bec388ee11cb0001e25833,HTTPError('404 Client Error: Not Found for url: http://host.docker.internal/customers63bec388ee11cb0001e25833'),1
DELETE,/customers63bec386ee11cb0001e25680,HTTPError('404 Client Error: Not Found for url: http://host.docker.internal/customers63bec386ee11cb0001e25680'),1
DELETE,/customers63bec389ee11cb0001e25898,HTTPError('404 Client Error: Not Found for url: http://host.docker.internal/customers63bec389ee11cb0001e25898'),1
DELETE,/customers63bec388ee11cb0001e25803,HTTPError('404 Client Error: Not Found for url: http://host.docker.internal/customers63bec388ee11cb0001e25803'),1
DELETE,/customers63bec389ee11cb0001e25875,HTTPError('404 Client Error: Not Found for url: http://host.docker.internal/customers63bec389ee11cb0001e25875'),1
DELETE,/customers63bec389ee11cb0001e258ce,HTTPError('404 Client Error: Not Found for url: http://host.docker.internal/customers63bec389ee11cb0001e258ce'),1
DELETE,/customers63bec389ee11cb0001e258ca,HTTPError('404 Client Error: Not Found for url: http://host.docker.internal/customers63bec389ee11cb0001e258ca'),1
DELETE,/customers63bec389ee11cb0001e258e7,HTTPError('404 Client Error: Not Found for url: http://host.docker.internal/customers63bec389ee11cb0001e258e7'),1
DELETE,/customers63bec385ee11cb0001e255cf,HTTPError('404 Client Error: Not Found for url: http://host.docker.internal/customers63bec385ee11cb0001e255cf'),1
DELETE,/customers63bec388ee11cb0001e25794,HTTPError('404 Client Error: Not Found for url: http://host.docker.internal/customers63bec388ee11cb0001e25794'),1
DELETE,/customers63bec388ee11cb0001e25793,HTTPError('404 Client Error: Not Found for url: http://host.docker.internal/customers63bec388ee11cb0001e25793'),1
DELETE,/customers63bec387ee11cb0001e25707,HTTPError('404 Client Error: Not Found for url: http://host.docker.internal/customers63bec387ee11cb0001e25707'),1
DELETE,/customers63bec386ee11cb0001e256a8,HTTPError('404 Client Error: Not Found for url: http://host.docker.internal/customers63bec386ee11cb0001e256a8'),1
DELETE,/customers63bec385ee11cb0001e255bd,HTTPError('404 Client Error: Not Found for url: http://host.docker.internal/customers63bec385ee11cb0001e255bd'),1
DELETE,/customers63bec384ee11cb0001e25577,HTTPError('404 Client Error: Not Found for url: http://host.docker.internal/customers63bec384ee11cb0001e25577'),1
DELETE,/customers63bec386ee11cb0001e25669,HTTPError('404 Client Error: Not Found for url: http://host.docker.internal/customers63bec386ee11cb0001e25669'),1
DELETE,/customers63bec385ee11cb0001e255bb,HTTPError('404 Client Error: Not Found for url: http://host.docker.internal/customers63bec385ee11cb0001e255bb'),1
DELETE,/customers63bec388ee11cb0001e25848,HTTPError('404 Client Error: Not Found for url: http://host.docker.internal/customers63bec388ee11cb0001e25848'),1
DELETE,/customers63bec388ee11cb0001e257ea,HTTPError('404 Client Error: Not Found for url: http://host.docker.internal/customers63bec388ee11cb0001e257ea'),1
DELETE,/customers63bec384ee11cb0001e25588,HTTPError('404 Client Error: Not Found for url: http://host.docker.internal/customers63bec384ee11cb0001e25588'),1
DELETE,/customers63bec387ee11cb0001e25729,HTTPError('404 Client Error: Not Found for url: http://host.docker.internal/customers63bec387ee11cb0001e25729'),1
DELETE,/customers63bec386ee11cb0001e25647,HTTPError('404 Client Error: Not Found for url: http://host.docker.internal/customers63bec386ee11cb0001e25647'),1
DELETE,/customers63bec383ee11cb0001e25532,HTTPError('404 Client Error: Not Found for url: http://host.docker.internal/customers63bec383ee11cb0001e25532'),1
DELETE,/customers63bec389ee11cb0001e258bf,HTTPError('404 Client Error: Not Found for url: http://host.docker.internal/customers63bec389ee11cb0001e258bf'),1
DELETE,/customers63bec389ee11cb0001e25876,HTTPError('404 Client Error: Not Found for url: http://host.docker.internal/customers63bec389ee11cb0001e25876'),1
DELETE,/customers63bec388ee11cb0001e257e3,HTTPError('404 Client Error: Not Found for url: http://host.docker.internal/customers63bec388ee11cb0001e257e3'),1
DELETE,/customers63bec385ee11cb0001e255ed,HTTPError('404 Client Error: Not Found for url: http://host.docker.internal/customers63bec385ee11cb0001e255ed'),1
DELETE,/customers63bec389ee11cb0001e258aa,HTTPError('404 Client Error: Not Found for url: http://host.docker.internal/customers63bec389ee11cb0001e258aa'),1
DELETE,/customers63bec385ee11cb0001e255e8,HTTPError('404 Client Error: Not Found for url: http://host.docker.internal/customers63bec385ee11cb0001e255e8'),1
DELETE,/customers63bec382ee11cb0001e254f7,HTTPError('404 Client Error: Not Found for url: http://host.docker.internal/customers63bec382ee11cb0001e254f7'),1
DELETE,/customers63bec388ee11cb0001e25798,HTTPError('404 Client Error: Not Found for url: http://host.docker.internal/customers63bec388ee11cb0001e25798'),1
DELETE,/customers63bec389ee11cb0001e258b0,HTTPError('404 Client Error: Not Found for url: http://host.docker.internal/customers63bec389ee11cb0001e258b0'),1
DELETE,/customers63bec382ee11cb0001e254fb,HTTPError('404 Client Error: Not Found for url: http://host.docker.internal/customers63bec382ee11cb0001e254fb'),1
DELETE,/customers63bec387ee11cb0001e25764,HTTPError('404 Client Error: Not Found for url: http://host.docker.internal/customers63bec387ee11cb0001e25764'),1
DELETE,/customers63bec386ee11cb0001e256a5,HTTPError('404 Client Error: Not Found for url: http://host.docker.internal/customers63bec386ee11cb0001e256a5'),1
DELETE,/customers63bec386ee11cb0001e2569a,HTTPError('404 Client Error: Not Found for url: http://host.docker.internal/customers63bec386ee11cb0001e2569a'),1
DELETE,/customers63bec389ee11cb0001e258a0,HTTPError('404 Client Error: Not Found for url: http://host.docker.internal/customers63bec389ee11cb0001e258a0'),1
DELETE,/customers63bec385ee11cb0001e2560e,HTTPError('404 Client Error: Not Found for url: http://host.docker.internal/customers63bec385ee11cb0001e2560e'),1
DELETE,/customers63bec386ee11cb0001e256b9,HTTPError('404 Client Error: Not Found for url: http://host.docker.internal/customers63bec386ee11cb0001e256b9'),1
DELETE,/customers63bec389ee11cb0001e258c4,HTTPError('404 Client Error: Not Found for url: http://host.docker.internal/customers63bec389ee11cb0001e258c4'),1
DELETE,/customers63bec386ee11cb0001e25670,HTTPError('404 Client Error: Not Found for url: http://host.docker.internal/customers63bec386ee11cb0001e25670'),1
DELETE,/customers63bec384ee11cb0001e2555b,HTTPError('404 Client Error: Not Found for url: http://host.docker.internal/customers63bec384ee11cb0001e2555b'),1
DELETE,/customers63bec384ee11cb0001e25571,HTTPError('404 Client Error: Not Found for url: http://host.docker.internal/customers63bec384ee11cb0001e25571'),1
DELETE,/customers63bec385ee11cb0001e255ff,HTTPError('404 Client Error: Not Found for url: http://host.docker.internal/customers63bec385ee11cb0001e255ff'),1
DELETE,/customers63bec385ee11cb0001e255d4,HTTPError('404 Client Error: Not Found for url: http://host.docker.internal/customers63bec385ee11cb0001e255d4'),1
DELETE,/customers63bec383ee11cb0001e2551c,HTTPError('404 Client Error: Not Found for url: http://host.docker.internal/customers63bec383ee11cb0001e2551c'),1
DELETE,/customers63bec388ee11cb0001e257a2,HTTPError('404 Client Error: Not Found for url: http://host.docker.internal/customers63bec388ee11cb0001e257a2'),1
DELETE,/customers63bec386ee11cb0001e25664,HTTPError('404 Client Error: Not Found for url: http://host.docker.internal/customers63bec386ee11cb0001e25664'),1
DELETE,/customers63bec385ee11cb0001e2560d,HTTPError('404 Client Error: Not Found for url: http://host.docker.internal/customers63bec385ee11cb0001e2560d'),1
DELETE,/customers63bec385ee11cb0001e255db,HTTPError('404 Client Error: Not Found for url: http://host.docker.internal/customers63bec385ee11cb0001e255db'),1
DELETE,/customers63bec386ee11cb0001e2564e,HTTPError('404 Client Error: Not Found for url: http://host.docker.internal/customers63bec386ee11cb0001e2564e'),1
DELETE,/customers63bec384ee11cb0001e25582,HTTPError('404 Client Error: Not Found for url: http://host.docker.internal/customers63bec384ee11cb0001e25582'),1
DELETE,/customers63bec386ee11cb0001e25694,HTTPError('404 Client Error: Not Found for url: http://host.docker.internal/customers63bec386ee11cb0001e25694'),1
DELETE,/customers63bec388ee11cb0001e257f9,HTTPError('404 Client Error: Not Found for url: http://host.docker.internal/customers63bec388ee11cb0001e257f9'),1
DELETE,/customers63bec386ee11cb0001e2569d,HTTPError('404 Client Error: Not Found for url: http://host.docker.internal/customers63bec386ee11cb0001e2569d'),1
DELETE,/customers63bec389ee11cb0001e25892,HTTPError('404 Client Error: Not Found for url: http://host.docker.internal/customers63bec389ee11cb0001e25892'),1
DELETE,/customers63bec387ee11cb0001e256f4,HTTPError('404 Client Error: Not Found for url: http://host.docker.internal/customers63bec387ee11cb0001e256f4'),1
DELETE,/customers63bec387ee11cb0001e25734,HTTPError('404 Client Error: Not Found for url: http://host.docker.internal/customers63bec387ee11cb0001e25734'),1
DELETE,/customers63bec382ee11cb0001e25502,HTTPError('404 Client Error: Not Found for url: http://host.docker.internal/customers63bec382ee11cb0001e25502'),1
DELETE,/customers63bec384ee11cb0001e25559,HTTPError('404 Client Error: Not Found for url: http://host.docker.internal/customers63bec384ee11cb0001e25559'),1
DELETE,/customers63bec387ee11cb0001e2577c,HTTPError('404 Client Error: Not Found for url: http://host.docker.internal/customers63bec387ee11cb0001e2577c'),1
DELETE,/customers63bec389ee11cb0001e2585f,HTTPError('404 Client Error: Not Found for url: http://host.docker.internal/customers63bec389ee11cb0001e2585f'),1
DELETE,/customers63bec389ee11cb0001e258b2,HTTPError('404 Client Error: Not Found for url: http://host.docker.internal/customers63bec389ee11cb0001e258b2'),1
DELETE,/customers63bec387ee11cb0001e2575a,HTTPError('404 Client Error: Not Found for url: http://host.docker.internal/customers63bec387ee11cb0001e2575a'),1
DELETE,/customers63bec389ee11cb0001e258e5,HTTPError('404 Client Error: Not Found for url: http://host.docker.internal/customers63bec389ee11cb0001e258e5'),1
DELETE,/customers63bec385ee11cb0001e25608,HTTPError('404 Client Error: Not Found for url: http://host.docker.internal/customers63bec385ee11cb0001e25608'),1
DELETE,/customers63bec385ee11cb0001e25614,HTTPError('404 Client Error: Not Found for url: http://host.docker.internal/customers63bec385ee11cb0001e25614'),1
DELETE,/customers63bec388ee11cb0001e25796,HTTPError('404 Client Error: Not Found for url: http://host.docker.internal/customers63bec388ee11cb0001e25796'),1
DELETE,/customers63bec388ee11cb0001e25838,HTTPError('404 Client Error: Not Found for url: http://host.docker.internal/customers63bec388ee11cb0001e25838'),1
DELETE,/customers63bec386ee11cb0001e25671,HTTPError('404 Client Error: Not Found for url: http://host.docker.internal/customers63bec386ee11cb0001e25671'),1
DELETE,/customers63bec385ee11cb0001e2560f,HTTPError('404 Client Error: Not Found for url: http://host.docker.internal/customers63bec385ee11cb0001e2560f'),1
DELETE,/customers63bec388ee11cb0001e2581d,HTTPError('404 Client Error: Not Found for url: http://host.docker.internal/customers63bec388ee11cb0001e2581d'),1
DELETE,/customers63bec388ee11cb0001e25813,HTTPError('404 Client Error: Not Found for url: http://host.docker.internal/customers63bec388ee11cb0001e25813'),1
DELETE,/customers63bec387ee11cb0001e25717,HTTPError('404 Client Error: Not Found for url: http://host.docker.internal/customers63bec387ee11cb0001e25717'),1
DELETE,/customers63bec385ee11cb0001e25619,HTTPError('404 Client Error: Not Found for url: http://host.docker.internal/customers63bec385ee11cb0001e25619'),1
DELETE,/customers63bec388ee11cb0001e257f3,HTTPError('404 Client Error: Not Found for url: http://host.docker.internal/customers63bec388ee11cb0001e257f3'),1
DELETE,/customers63bec385ee11cb0001e25601,HTTPError('404 Client Error: Not Found for url: http://host.docker.internal/customers63bec385ee11cb0001e25601'),1
DELETE,/customers63bec383ee11cb0001e2553a,HTTPError('404 Client Error: Not Found for url: http://host.docker.internal/customers63bec383ee11cb0001e2553a'),1
DELETE,/customers63bec383ee11cb0001e25534,HTTPError('404 Client Error: Not Found for url: http://host.docker.internal/customers63bec383ee11cb0001e25534'),1
DELETE,/customers63bec384ee11cb0001e25592,HTTPError('404 Client Error: Not Found for url: http://host.docker.internal/customers63bec384ee11cb0001e25592'),1
DELETE,/customers63bec382ee11cb0001e254f8,HTTPError('404 Client Error: Not Found for url: http://host.docker.internal/customers63bec382ee11cb0001e254f8'),1
DELETE,/customers63bec385ee11cb0001e255c8,HTTPError('404 Client Error: Not Found for url: http://host.docker.internal/customers63bec385ee11cb0001e255c8'),1
DELETE,/customers63bec383ee11cb0001e25521,HTTPError('404 Client Error: Not Found for url: http://host.docker.internal/customers63bec383ee11cb0001e25521'),1
DELETE,/customers63bec388ee11cb0001e257fe,HTTPError('404 Client Error: Not Found for url: http://host.docker.internal/customers63bec388ee11cb0001e257fe'),1
DELETE,/customers63bec389ee11cb0001e258d6,HTTPError('404 Client Error: Not Found for url: http://host.docker.internal/customers63bec389ee11cb0001e258d6'),1
DELETE,/customers63bec389ee11cb0001e258e3,HTTPError('404 Client Error: Not Found for url: http://host.docker.internal/customers63bec389ee11cb0001e258e3'),1
DELETE,/customers63bec388ee11cb0001e25853,HTTPError('404 Client Error: Not Found for url: http://host.docker.internal/customers63bec388ee11cb0001e25853'),1
DELETE,/customers63bec388ee11cb0001e25817,HTTPError('404 Client Error: Not Found for url: http://host.docker.internal/customers63bec388ee11cb0001e25817'),1
DELETE,/customers63bec385ee11cb0001e255b5,HTTPError('404 Client Error: Not Found for url: http://host.docker.internal/customers63bec385ee11cb0001e255b5'),1
DELETE,/customers63bec389ee11cb0001e258ef,HTTPError('404 Client Error: Not Found for url: http://host.docker.internal/customers63bec389ee11cb0001e258ef'),1
DELETE,/customers63bec385ee11cb0001e255e9,HTTPError('404 Client Error: Not Found for url: http://host.docker.internal/customers63bec385ee11cb0001e255e9'),1
DELETE,/customers63bec385ee11cb0001e255c3,HTTPError('404 Client Error: Not Found for url: http://host.docker.internal/customers63bec385ee11cb0001e255c3'),1
DELETE,/customers63bec388ee11cb0001e2584d,HTTPError('404 Client Error: Not Found for url: http://host.docker.internal/customers63bec388ee11cb0001e2584d'),1
DELETE,/customers63bec386ee11cb0001e256b8,HTTPError('404 Client Error: Not Found for url: http://host.docker.internal/customers63bec386ee11cb0001e256b8'),1
DELETE,/customers63bec386ee11cb0001e25682,HTTPError('404 Client Error: Not Found for url: http://host.docker.internal/customers63bec386ee11cb0001e25682'),1
DELETE,/customers63bec388ee11cb0001e25843,HTTPError('404 Client Error: Not Found for url: http://host.docker.internal/customers63bec388ee11cb0001e25843'),1
DELETE,/customers63bec385ee11cb0001e255fb,HTTPError('404 Client Error: Not Found for url: http://host.docker.internal/customers63bec385ee11cb0001e255fb'),1
DELETE,/customers63bec389ee11cb0001e25883,HTTPError('404 Client Error: Not Found for url: http://host.docker.internal/customers63bec389ee11cb0001e25883'),1
DELETE,/customers63bec385ee11cb0001e255e3,HTTPError('404 Client Error: Not Found for url: http://host.docker.internal/customers63bec385ee11cb0001e255e3'),1
DELETE,/customers63bec386ee11cb0001e256b6,HTTPError('404 Client Error: Not Found for url: http://host.docker.internal/customers63bec386ee11cb0001e256b6'),1
DELETE,/customers63bec384ee11cb0001e25591,HTTPError('404 Client Error: Not Found for url: http://host.docker.internal/customers63bec384ee11cb0001e25591'),1
DELETE,/customers63bec386ee11cb0001e2562c,HTTPError('404 Client Error: Not Found for url: http://host.docker.internal/customers63bec386ee11cb0001e2562c'),1
DELETE,/customers63bec387ee11cb0001e25723,HTTPError('404 Client Error: Not Found for url: http://host.docker.internal/customers63bec387ee11cb0001e25723'),1
DELETE,/customers63bec388ee11cb0001e257bc,HTTPError('404 Client Error: Not Found for url: http://host.docker.internal/customers63bec388ee11cb0001e257bc'),1
DELETE,/customers63bec389ee11cb0001e2586a,HTTPError('404 Client Error: Not Found for url: http://host.docker.internal/customers63bec389ee11cb0001e2586a'),1
DELETE,/customers63bec385ee11cb0001e255e5,HTTPError('404 Client Error: Not Found for url: http://host.docker.internal/customers63bec385ee11cb0001e255e5'),1
DELETE,/customers63bec387ee11cb0001e25713,HTTPError('404 Client Error: Not Found for url: http://host.docker.internal/customers63bec387ee11cb0001e25713'),1
DELETE,/customers63bec387ee11cb0001e256ea,HTTPError('404 Client Error: Not Found for url: http://host.docker.internal/customers63bec387ee11cb0001e256ea'),1
DELETE,/customers63bec386ee11cb0001e256ab,HTTPError('404 Client Error: Not Found for url: http://host.docker.internal/customers63bec386ee11cb0001e256ab'),1
DELETE,/customers63bec388ee11cb0001e25827,HTTPError('404 Client Error: Not Found for url: http://host.docker.internal/customers63bec388ee11cb0001e25827'),1
DELETE,/customers63bec387ee11cb0001e2570a,HTTPError('404 Client Error: Not Found for url: http://host.docker.internal/customers63bec387ee11cb0001e2570a'),1
DELETE,/customers63bec389ee11cb0001e25858,HTTPError('404 Client Error: Not Found for url: http://host.docker.internal/customers63bec389ee11cb0001e25858'),1
DELETE,/customers63bec388ee11cb0001e2583e,HTTPError('404 Client Error: Not Found for url: http://host.docker.internal/customers63bec388ee11cb0001e2583e'),1
DELETE,/customers63bec387ee11cb0001e2573f,HTTPError('404 Client Error: Not Found for url: http://host.docker.internal/customers63bec387ee11cb0001e2573f'),1
DELETE,/customers63bec388ee11cb0001e25797,HTTPError('404 Client Error: Not Found for url: http://host.docker.internal/customers63bec388ee11cb0001e25797'),1
DELETE,/customers63bec389ee11cb0001e258b7,HTTPError('404 Client Error: Not Found for url: http://host.docker.internal/customers63bec389ee11cb0001e258b7'),1
DELETE,/customers63bec385ee11cb0001e255f9,HTTPError('404 Client Error: Not Found for url: http://host.docker.internal/customers63bec385ee11cb0001e255f9'),1
DELETE,/customers63bec383ee11cb0001e2551e,HTTPError('404 Client Error: Not Found for url: http://host.docker.internal/customers63bec383ee11cb0001e2551e'),1
DELETE,/customers63bec383ee11cb0001e25535,HTTPError('404 Client Error: Not Found for url: http://host.docker.internal/customers63bec383ee11cb0001e25535'),1
DELETE,/customers63bec388ee11cb0001e25829,HTTPError('404 Client Error: Not Found for url: http://host.docker.internal/customers63bec388ee11cb0001e25829'),1
DELETE,/customers63bec389ee11cb0001e25871,HTTPError('404 Client Error: Not Found for url: http://host.docker.internal/customers63bec389ee11cb0001e25871'),1
DELETE,/customers63bec387ee11cb0001e256eb,HTTPError('404 Client Error: Not Found for url: http://host.docker.internal/customers63bec387ee11cb0001e256eb'),1
DELETE,/customers63bec386ee11cb0001e25652,HTTPError('404 Client Error: Not Found for url: http://host.docker.internal/customers63bec386ee11cb0001e25652'),1
DELETE,/customers63bec389ee11cb0001e25886,HTTPError('404 Client Error: Not Found for url: http://host.docker.internal/customers63bec389ee11cb0001e25886'),1
DELETE,/customers63bec386ee11cb0001e25679,HTTPError('404 Client Error: Not Found for url: http://host.docker.internal/customers63bec386ee11cb0001e25679'),1
DELETE,/customers63bec386ee11cb0001e25630,HTTPError('404 Client Error: Not Found for url: http://host.docker.internal/customers63bec386ee11cb0001e25630'),1
DELETE,/customers63bec384ee11cb0001e2557d,HTTPError('404 Client Error: Not Found for url: http://host.docker.internal/customers63bec384ee11cb0001e2557d'),1
DELETE,/customers63bec386ee11cb0001e25668,HTTPError('404 Client Error: Not Found for url: http://host.docker.internal/customers63bec386ee11cb0001e25668'),1
DELETE,/customers63bec389ee11cb0001e25884,HTTPError('404 Client Error: Not Found for url: http://host.docker.internal/customers63bec389ee11cb0001e25884'),1
DELETE,/customers63bec384ee11cb0001e25569,HTTPError('404 Client Error: Not Found for url: http://host.docker.internal/customers63bec384ee11cb0001e25569'),1
DELETE,/customers63bec389ee11cb0001e258db,HTTPError('404 Client Error: Not Found for url: http://host.docker.internal/customers63bec389ee11cb0001e258db'),1
DELETE,/customers63bec383ee11cb0001e2552d,HTTPError('404 Client Error: Not Found for url: http://host.docker.internal/customers63bec383ee11cb0001e2552d'),1
DELETE,/customers63bec389ee11cb0001e258f5,HTTPError('404 Client Error: Not Found for url: http://host.docker.internal/customers63bec389ee11cb0001e258f5'),1
DELETE,/customers63bec387ee11cb0001e2577a,HTTPError('404 Client Error: Not Found for url: http://host.docker.internal/customers63bec387ee11cb0001e2577a'),1
DELETE,/customers63bec383ee11cb0001e25527,HTTPError('404 Client Error: Not Found for url: http://host.docker.internal/customers63bec383ee11cb0001e25527'),1
DELETE,/customers63bec385ee11cb0001e255f4,HTTPError('404 Client Error: Not Found for url: http://host.docker.internal/customers63bec385ee11cb0001e255f4'),1
DELETE,/customers63bec382ee11cb0001e25501,HTTPError('404 Client Error: Not Found for url: http://host.docker.internal/customers63bec382ee11cb0001e25501'),1
DELETE,/customers63bec388ee11cb0001e25846,HTTPError('404 Client Error: Not Found for url: http://host.docker.internal/customers63bec388ee11cb0001e25846'),1
DELETE,/customers63bec386ee11cb0001e2564d,HTTPError('404 Client Error: Not Found for url: http://host.docker.internal/customers63bec386ee11cb0001e2564d'),1
DELETE,/customers63bec384ee11cb0001e255a6,HTTPError('404 Client Error: Not Found for url: http://host.docker.internal/customers63bec384ee11cb0001e255a6'),1
DELETE,/customers63bec387ee11cb0001e2570d,HTTPError('404 Client Error: Not Found for url: http://host.docker.internal/customers63bec387ee11cb0001e2570d'),1
DELETE,/customers63bec386ee11cb0001e256a3,HTTPError('404 Client Error: Not Found for url: http://host.docker.internal/customers63bec386ee11cb0001e256a3'),1
DELETE,/customers63bec386ee11cb0001e256af,HTTPError('404 Client Error: Not Found for url: http://host.docker.internal/customers63bec386ee11cb0001e256af'),1
DELETE,/customers63bec388ee11cb0001e25839,HTTPError('404 Client Error: Not Found for url: http://host.docker.internal/customers63bec388ee11cb0001e25839'),1
DELETE,/customers63bec387ee11cb0001e25770,HTTPError('404 Client Error: Not Found for url: http://host.docker.internal/customers63bec387ee11cb0001e25770'),1
DELETE,/customers63bec388ee11cb0001e2582f,HTTPError('404 Client Error: Not Found for url: http://host.docker.internal/customers63bec388ee11cb0001e2582f'),1
DELETE,/customers63bec387ee11cb0001e25788,HTTPError('404 Client Error: Not Found for url: http://host.docker.internal/customers63bec387ee11cb0001e25788'),1
DELETE,/customers63bec385ee11cb0001e25602,HTTPError('404 Client Error: Not Found for url: http://host.docker.internal/customers63bec385ee11cb0001e25602'),1
DELETE,/customers63bec386ee11cb0001e25684,HTTPError('404 Client Error: Not Found for url: http://host.docker.internal/customers63bec386ee11cb0001e25684'),1
DELETE,/customers63bec384ee11cb0001e2557a,HTTPError('404 Client Error: Not Found for url: http://host.docker.internal/customers63bec384ee11cb0001e2557a'),1
DELETE,/customers63bec389ee11cb0001e25880,HTTPError('404 Client Error: Not Found for url: http://host.docker.internal/customers63bec389ee11cb0001e25880'),1
DELETE,/customers63bec383ee11cb0001e25522,HTTPError('404 Client Error: Not Found for url: http://host.docker.internal/customers63bec383ee11cb0001e25522'),1
DELETE,/customers63bec384ee11cb0001e25554,HTTPError('404 Client Error: Not Found for url: http://host.docker.internal/customers63bec384ee11cb0001e25554'),1
DELETE,/customers63bec385ee11cb0001e255e6,HTTPError('404 Client Error: Not Found for url: http://host.docker.internal/customers63bec385ee11cb0001e255e6'),1
DELETE,/customers63bec389ee11cb0001e25896,HTTPError('404 Client Error: Not Found for url: http://host.docker.internal/customers63bec389ee11cb0001e25896'),1
DELETE,/customers63bec387ee11cb0001e25712,HTTPError('404 Client Error: Not Found for url: http://host.docker.internal/customers63bec387ee11cb0001e25712'),1
DELETE,/customers63bec388ee11cb0001e257d8,HTTPError('404 Client Error: Not Found for url: http://host.docker.internal/customers63bec388ee11cb0001e257d8'),1
DELETE,/customers63bec386ee11cb0001e25651,HTTPError('404 Client Error: Not Found for url: http://host.docker.internal/customers63bec386ee11cb0001e25651'),1
DELETE,/customers63bec388ee11cb0001e257d0,HTTPError('404 Client Error: Not Found for url: http://host.docker.internal/customers63bec388ee11cb0001e257d0'),1
DELETE,/customers63bec387ee11cb0001e2572b,HTTPError('404 Client Error: Not Found for url: http://host.docker.internal/customers63bec387ee11cb0001e2572b'),1
DELETE,/customers63bec383ee11cb0001e25519,HTTPError('404 Client Error: Not Found for url: http://host.docker.internal/customers63bec383ee11cb0001e25519'),1
DELETE,/customers63bec385ee11cb0001e255d7,HTTPError('404 Client Error: Not Found for url: http://host.docker.internal/customers63bec385ee11cb0001e255d7'),1
DELETE,/customers63bec387ee11cb0001e25786,HTTPError('404 Client Error: Not Found for url: http://host.docker.internal/customers63bec387ee11cb0001e25786'),1
DELETE,/customers63bec387ee11cb0001e256f0,HTTPError('404 Client Error: Not Found for url: http://host.docker.internal/customers63bec387ee11cb0001e256f0'),1
DELETE,/customers63bec386ee11cb0001e256a4,HTTPError('404 Client Error: Not Found for url: http://host.docker.internal/customers63bec386ee11cb0001e256a4'),1
DELETE,/customers63bec388ee11cb0001e257f7,HTTPError('404 Client Error: Not Found for url: http://host.docker.internal/customers63bec388ee11cb0001e257f7'),1
DELETE,/customers63bec389ee11cb0001e25890,HTTPError('404 Client Error: Not Found for url: http://host.docker.internal/customers63bec389ee11cb0001e25890'),1
DELETE,/customers63bec386ee11cb0001e2567c,HTTPError('404 Client Error: Not Found for url: http://host.docker.internal/customers63bec386ee11cb0001e2567c'),1
DELETE,/customers63bec389ee11cb0001e25860,HTTPError('404 Client Error: Not Found for url: http://host.docker.internal/customers63bec389ee11cb0001e25860'),1
DELETE,/customers63bec387ee11cb0001e2576e,HTTPError('404 Client Error: Not Found for url: http://host.docker.internal/customers63bec387ee11cb0001e2576e'),1
DELETE,/customers63bec389ee11cb0001e2587e,HTTPError('404 Client Error: Not Found for url: http://host.docker.internal/customers63bec389ee11cb0001e2587e'),1
DELETE,/customers63bec385ee11cb0001e25600,HTTPError('404 Client Error: Not Found for url: http://host.docker.internal/customers63bec385ee11cb0001e25600'),1
DELETE,/customers63bec387ee11cb0001e256fd,HTTPError('404 Client Error: Not Found for url: http://host.docker.internal/customers63bec387ee11cb0001e256fd'),1
DELETE,/customers63bec383ee11cb0001e25529,HTTPError('404 Client Error: Not Found for url: http://host.docker.internal/customers63bec383ee11cb0001e25529'),1
DELETE,/customers63bec385ee11cb0001e25618,HTTPError('404 Client Error: Not Found for url: http://host.docker.internal/customers63bec385ee11cb0001e25618'),1
DELETE,/customers63bec387ee11cb0001e2574d,HTTPError('404 Client Error: Not Found for url: http://host.docker.internal/customers63bec387ee11cb0001e2574d'),1
DELETE,/customers63bec386ee11cb0001e25691,HTTPError('404 Client Error: Not Found for url: http://host.docker.internal/customers63bec386ee11cb0001e25691'),1
DELETE,/customers63bec385ee11cb0001e255df,HTTPError('404 Client Error: Not Found for url: http://host.docker.internal/customers63bec385ee11cb0001e255df'),1
DELETE,/customers63bec386ee11cb0001e2569e,HTTPError('404 Client Error: Not Found for url: http://host.docker.internal/customers63bec386ee11cb0001e2569e'),1
DELETE,/customers63bec384ee11cb0001e25584,HTTPError('404 Client Error: Not Found for url: http://host.docker.internal/customers63bec384ee11cb0001e25584'),1
DELETE,/customers63bec388ee11cb0001e257f8,HTTPError('404 Client Error: Not Found for url: http://host.docker.internal/customers63bec388ee11cb0001e257f8'),1
DELETE,/customers63bec386ee11cb0001e25695,HTTPError('404 Client Error: Not Found for url: http://host.docker.internal/customers63bec386ee11cb0001e25695'),1
DELETE,/customers63bec387ee11cb0001e25754,HTTPError('404 Client Error: Not Found for url: http://host.docker.internal/customers63bec387ee11cb0001e25754'),1
DELETE,/customers63bec389ee11cb0001e2588e,HTTPError('404 Client Error: Not Found for url: http://host.docker.internal/customers63bec389ee11cb0001e2588e'),1
DELETE,/customers63bec385ee11cb0001e25616,HTTPError('404 Client Error: Not Found for url: http://host.docker.internal/customers63bec385ee11cb0001e25616'),1
DELETE,/customers63bec385ee11cb0001e2561f,HTTPError('404 Client Error: Not Found for url: http://host.docker.internal/customers63bec385ee11cb0001e2561f'),1
DELETE,/customers63bec386ee11cb0001e256ac,HTTPError('404 Client Error: Not Found for url: http://host.docker.internal/customers63bec386ee11cb0001e256ac'),1
DELETE,/customers63bec384ee11cb0001e25594,HTTPError('404 Client Error: Not Found for url: http://host.docker.internal/customers63bec384ee11cb0001e25594'),1
DELETE,/customers63bec385ee11cb0001e255bc,HTTPError('404 Client Error: Not Found for url: http://host.docker.internal/customers63bec385ee11cb0001e255bc'),1
DELETE,/customers63bec385ee11cb0001e255c9,HTTPError('404 Client Error: Not Found for url: http://host.docker.internal/customers63bec385ee11cb0001e255c9'),1
DELETE,/customers63bec387ee11cb0001e2574c,HTTPError('404 Client Error: Not Found for url: http://host.docker.internal/customers63bec387ee11cb0001e2574c'),1
DELETE,/customers63bec389ee11cb0001e258d5,HTTPError('404 Client Error: Not Found for url: http://host.docker.internal/customers63bec389ee11cb0001e258d5'),1
DELETE,/customers63bec386ee11cb0001e2566f,HTTPError('404 Client Error: Not Found for url: http://host.docker.internal/customers63bec386ee11cb0001e2566f'),1
DELETE,/customers63bec389ee11cb0001e258bb,HTTPError('404 Client Error: Not Found for url: http://host.docker.internal/customers63bec389ee11cb0001e258bb'),1
DELETE,/customers63bec386ee11cb0001e2569c,HTTPError('404 Client Error: Not Found for url: http://host.docker.internal/customers63bec386ee11cb0001e2569c'),1
DELETE,/customers63bec385ee11cb0001e25603,HTTPError('404 Client Error: Not Found for url: http://host.docker.internal/customers63bec385ee11cb0001e25603'),1
DELETE,/customers63bec387ee11cb0001e25763,HTTPError('404 Client Error: Not Found for url: http://host.docker.internal/customers63bec387ee11cb0001e25763'),1
DELETE,/customers63bec387ee11cb0001e256f3,HTTPError('404 Client Error: Not Found for url: http://host.docker.internal/customers63bec387ee11cb0001e256f3'),1
DELETE,/customers63bec386ee11cb0001e256b0,HTTPError('404 Client Error: Not Found for url: http://host.docker.internal/customers63bec386ee11cb0001e256b0'),1
DELETE,/customers63bec387ee11cb0001e256f6,HTTPError('404 Client Error: Not Found for url: http://host.docker.internal/customers63bec387ee11cb0001e256f6'),1
DELETE,/customers63bec387ee11cb0001e2578a,HTTPError('404 Client Error: Not Found for url: http://host.docker.internal/customers63bec387ee11cb0001e2578a'),1
DELETE,/customers63bec382ee11cb0001e254f3,HTTPError('404 Client Error: Not Found for url: http://host.docker.internal/customers63bec382ee11cb0001e254f3'),1
DELETE,/customers63bec387ee11cb0001e2571b,HTTPError('404 Client Error: Not Found for url: http://host.docker.internal/customers63bec387ee11cb0001e2571b'),1
DELETE,/customers63bec388ee11cb0001e2578d,HTTPError('404 Client Error: Not Found for url: http://host.docker.internal/customers63bec388ee11cb0001e2578d'),1
DELETE,/customers63bec387ee11cb0001e25753,HTTPError('404 Client Error: Not Found for url: http://host.docker.internal/customers63bec387ee11cb0001e25753'),1
DELETE,/customers63bec388ee11cb0001e25792,HTTPError('404 Client Error: Not Found for url: http://host.docker.internal/customers63bec388ee11cb0001e25792'),1
DELETE,/customers63bec388ee11cb0001e2584f,HTTPError('404 Client Error: Not Found for url: http://host.docker.internal/customers63bec388ee11cb0001e2584f'),1
DELETE,/customers63bec387ee11cb0001e25749,HTTPError('404 Client Error: Not Found for url: http://host.docker.internal/customers63bec387ee11cb0001e25749'),1
DELETE,/customers63bec388ee11cb0001e257e4,HTTPError('404 Client Error: Not Found for url: http://host.docker.internal/customers63bec388ee11cb0001e257e4'),1
DELETE,/customers63bec383ee11cb0001e2551b,HTTPError('404 Client Error: Not Found for url: http://host.docker.internal/customers63bec383ee11cb0001e2551b'),1
DELETE,/customers63bec384ee11cb0001e25556,HTTPError('404 Client Error: Not Found for url: http://host.docker.internal/customers63bec384ee11cb0001e25556'),1
DELETE,/customers63bec387ee11cb0001e25705,HTTPError('404 Client Error: Not Found for url: http://host.docker.internal/customers63bec387ee11cb0001e25705'),1
DELETE,/customers63bec385ee11cb0001e2560a,HTTPError('404 Client Error: Not Found for url: http://host.docker.internal/customers63bec385ee11cb0001e2560a'),1
DELETE,/customers63bec383ee11cb0001e2552b,HTTPError('404 Client Error: Not Found for url: http://host.docker.internal/customers63bec383ee11cb0001e2552b'),1
DELETE,/customers63bec389ee11cb0001e258fd,HTTPError('404 Client Error: Not Found for url: http://host.docker.internal/customers63bec389ee11cb0001e258fd'),1
DELETE,/customers63bec388ee11cb0001e25804,HTTPError('404 Client Error: Not Found for url: http://host.docker.internal/customers63bec388ee11cb0001e25804'),1
DELETE,/customers63bec383ee11cb0001e25526,HTTPError('404 Client Error: Not Found for url: http://host.docker.internal/customers63bec383ee11cb0001e25526'),1
DELETE,/customers63bec389ee11cb0001e25874,HTTPError('404 Client Error: Not Found for url: http://host.docker.internal/customers63bec389ee11cb0001e25874'),1
DELETE,/customers63bec388ee11cb0001e257a1,HTTPError('404 Client Error: Not Found for url: http://host.docker.internal/customers63bec388ee11cb0001e257a1'),1
DELETE,/customers63bec387ee11cb0001e25716,HTTPError('404 Client Error: Not Found for url: http://host.docker.internal/customers63bec387ee11cb0001e25716'),1
DELETE,/customers63bec387ee11cb0001e25782,HTTPError('404 Client Error: Not Found for url: http://host.docker.internal/customers63bec387ee11cb0001e25782'),1
DELETE,/customers63bec388ee11cb0001e25814,HTTPError('404 Client Error: Not Found for url: http://host.docker.internal/customers63bec388ee11cb0001e25814'),1
DELETE,/customers63bec388ee11cb0001e2580e,HTTPError('404 Client Error: Not Found for url: http://host.docker.internal/customers63bec388ee11cb0001e2580e'),1
DELETE,/customers63bec386ee11cb0001e25650,HTTPError('404 Client Error: Not Found for url: http://host.docker.internal/customers63bec386ee11cb0001e25650'),1
DELETE,/customers63bec383ee11cb0001e25531,HTTPError('404 Client Error: Not Found for url: http://host.docker.internal/customers63bec383ee11cb0001e25531'),1
DELETE,/customers63bec384ee11cb0001e25572,HTTPError('404 Client Error: Not Found for url: http://host.docker.internal/customers63bec384ee11cb0001e25572'),1
DELETE,/customers63bec389ee11cb0001e258c9,HTTPError('404 Client Error: Not Found for url: http://host.docker.internal/customers63bec389ee11cb0001e258c9'),1
DELETE,/customers63bec383ee11cb0001e25533,HTTPError('404 Client Error: Not Found for url: http://host.docker.internal/customers63bec383ee11cb0001e25533'),1
DELETE,/customers63bec385ee11cb0001e25613,HTTPError('404 Client Error: Not Found for url: http://host.docker.internal/customers63bec385ee11cb0001e25613'),1
DELETE,/customers63bec382ee11cb0001e25504,HTTPError('404 Client Error: Not Found for url: http://host.docker.internal/customers63bec382ee11cb0001e25504'),1
DELETE,/customers63bec388ee11cb0001e257a6,HTTPError('404 Client Error: Not Found for url: http://host.docker.internal/customers63bec388ee11cb0001e257a6'),1
DELETE,/customers63bec386ee11cb0001e256b4,HTTPError('404 Client Error: Not Found for url: http://host.docker.internal/customers63bec386ee11cb0001e256b4'),1
DELETE,/customers63bec385ee11cb0001e25611,HTTPError('404 Client Error: Not Found for url: http://host.docker.internal/customers63bec385ee11cb0001e25611'),1
DELETE,/customers63bec387ee11cb0001e25762,HTTPError('404 Client Error: Not Found for url: http://host.docker.internal/customers63bec387ee11cb0001e25762'),1
DELETE,/customers63bec384ee11cb0001e25561,HTTPError('404 Client Error: Not Found for url: http://host.docker.internal/customers63bec384ee11cb0001e25561'),1
DELETE,/customers63bec387ee11cb0001e25741,HTTPError('404 Client Error: Not Found for url: http://host.docker.internal/customers63bec387ee11cb0001e25741'),1
DELETE,/customers63bec386ee11cb0001e2569b,HTTPError('404 Client Error: Not Found for url: http://host.docker.internal/customers63bec386ee11cb0001e2569b'),1
DELETE,/customers63bec386ee11cb0001e2569f,HTTPError('404 Client Error: Not Found for url: http://host.docker.internal/customers63bec386ee11cb0001e2569f'),1
DELETE,/customers63bec384ee11cb0001e2558b,HTTPError('404 Client Error: Not Found for url: http://host.docker.internal/customers63bec384ee11cb0001e2558b'),1
DELETE,/customers63bec386ee11cb0001e2565e,HTTPError('404 Client Error: Not Found for url: http://host.docker.internal/customers63bec386ee11cb0001e2565e'),1
DELETE,/customers63bec385ee11cb0001e255e4,HTTPError('404 Client Error: Not Found for url: http://host.docker.internal/customers63bec385ee11cb0001e255e4'),1
DELETE,/customers63bec386ee11cb0001e25657,HTTPError('404 Client Error: Not Found for url: http://host.docker.internal/customers63bec386ee11cb0001e25657'),1
DELETE,/customers63bec385ee11cb0001e2561c,HTTPError('404 Client Error: Not Found for url: http://host.docker.internal/customers63bec385ee11cb0001e2561c'),1
